step,epoch,loss,learning_rate,grad_norm,source_job,source_file
10,0.0,72.6313,6.048829123101417e-06,42.878143310546875,307161,slurm_train_fusellm-307161.out
20,0.0,68.5186,7.869708127800799e-06,27.822463989257812,307161,slurm_train_fusellm-307161.out
30,0.01,67.3873,8.9348540639004e-06,26.330944061279297,307161,slurm_train_fusellm-307161.out
40,0.01,67.7478,9.690587132500183e-06,24.197643280029297,307161,slurm_train_fusellm-307161.out
50,0.01,67.9595,9.992700729927009e-06,33.75636291503906,307161,slurm_train_fusellm-307161.out
60,0.01,66.462,9.974452554744526e-06,23.449054718017578,307161,slurm_train_fusellm-307161.out
70,0.01,66.4849,9.956204379562044e-06,26.44443130493164,307161,slurm_train_fusellm-307161.out
80,0.01,66.2721,9.937956204379563e-06,29.838027954101562,307161,slurm_train_fusellm-307161.out
90,0.02,66.901,9.919708029197081e-06,24.34040641784668,307161,slurm_train_fusellm-307161.out
100,0.02,65.9408,9.901459854014599e-06,22.370817184448242,307161,slurm_train_fusellm-307161.out
110,0.02,66.1159,9.883211678832118e-06,23.025981903076172,307161,slurm_train_fusellm-307161.out
120,0.02,65.6234,9.864963503649636e-06,52.6455078125,307161,slurm_train_fusellm-307161.out
130,0.02,65.5719,9.846715328467155e-06,22.740863800048828,307161,slurm_train_fusellm-307161.out
140,0.03,66.0249,9.828467153284671e-06,25.055936813354492,307161,slurm_train_fusellm-307161.out
150,0.03,66.9896,9.81021897810219e-06,27.25068473815918,307161,slurm_train_fusellm-307161.out
160,0.03,66.2674,9.791970802919709e-06,22.743288040161133,307161,slurm_train_fusellm-307161.out
170,0.03,64.9132,9.773722627737226e-06,22.41392707824707,307161,slurm_train_fusellm-307161.out
180,0.03,65.2788,9.755474452554746e-06,23.244037628173828,307161,slurm_train_fusellm-307161.out
190,0.03,66.3048,9.737226277372263e-06,38.897037506103516,307161,slurm_train_fusellm-307161.out
200,0.04,66.3456,9.718978102189783e-06,22.91575050354004,307161,slurm_train_fusellm-307161.out
210,0.04,65.7979,9.700729927007299e-06,24.406728744506836,307161,slurm_train_fusellm-307161.out
220,0.04,65.8464,9.682481751824818e-06,23.20159149169922,307161,slurm_train_fusellm-307161.out
230,0.04,65.0207,9.664233576642336e-06,22.203527450561523,307161,slurm_train_fusellm-307161.out
240,0.04,65.7702,9.645985401459855e-06,22.386743545532227,307161,slurm_train_fusellm-307161.out
250,0.05,67.2968,9.627737226277373e-06,24.436336517333984,307161,slurm_train_fusellm-307161.out
260,0.05,65.5811,9.60948905109489e-06,22.158132553100586,307161,slurm_train_fusellm-307161.out
270,0.05,65.3423,9.59124087591241e-06,22.56315803527832,307161,slurm_train_fusellm-307161.out
280,0.05,64.8517,9.572992700729928e-06,22.370820999145508,307161,slurm_train_fusellm-307161.out
290,0.05,65.6434,9.554744525547446e-06,23.69838523864746,307161,slurm_train_fusellm-307161.out
300,0.05,65.8757,9.536496350364965e-06,23.351619720458984,307161,slurm_train_fusellm-307161.out
310,0.06,64.9346,9.518248175182483e-06,22.791784286499023,307161,slurm_train_fusellm-307161.out
320,0.06,65.3528,9.5e-06,23.25322151184082,307161,slurm_train_fusellm-307161.out
330,0.06,64.7202,9.481751824817518e-06,22.09540557861328,307161,slurm_train_fusellm-307161.out
340,0.06,65.4015,9.463503649635038e-06,22.981136322021484,307161,slurm_train_fusellm-307161.out
350,0.06,66.0588,9.445255474452555e-06,24.91929817199707,307161,slurm_train_fusellm-307161.out
360,0.07,65.1761,9.427007299270073e-06,22.358009338378906,307161,slurm_train_fusellm-307161.out
370,0.07,65.3175,9.408759124087593e-06,23.74667739868164,307161,slurm_train_fusellm-307161.out
380,0.07,65.7238,9.39051094890511e-06,22.581186294555664,307161,slurm_train_fusellm-307161.out
390,0.07,65.9031,9.37226277372263e-06,24.290979385375977,307161,slurm_train_fusellm-307161.out
400,0.07,65.6855,9.354014598540146e-06,23.162437438964844,307161,slurm_train_fusellm-307161.out
410,0.07,64.7408,9.335766423357665e-06,28.675926208496094,307161,slurm_train_fusellm-307161.out
420,0.08,64.9275,9.317518248175183e-06,25.254438400268555,307161,slurm_train_fusellm-307161.out
430,0.08,65.3099,9.2992700729927e-06,24.282136917114258,307161,slurm_train_fusellm-307161.out
440,0.08,64.5122,9.28102189781022e-06,21.97355842590332,307161,slurm_train_fusellm-307161.out
450,0.08,64.8153,9.262773722627738e-06,28.517011642456055,307161,slurm_train_fusellm-307161.out
460,0.08,64.333,9.244525547445257e-06,26.53263282775879,307161,slurm_train_fusellm-307161.out
470,0.09,65.4365,9.226277372262775e-06,21.708288192749023,307161,slurm_train_fusellm-307161.out
480,0.09,64.8438,9.208029197080292e-06,21.72505760192871,307161,slurm_train_fusellm-307161.out
490,0.09,64.931,9.189781021897812e-06,23.13996124267578,307161,slurm_train_fusellm-307161.out
500,0.09,65.4088,9.17153284671533e-06,22.373817443847656,307161,slurm_train_fusellm-307161.out
510,0.09,64.8055,9.153284671532847e-06,27.132863998413086,308081,slurm_train_fusellm_resume-308081.out
520,0.09,65.7021,9.135036496350365e-06,23.33383560180664,308081,slurm_train_fusellm_resume-308081.out
530,0.1,65.6423,9.116788321167884e-06,24.00711441040039,308081,slurm_train_fusellm_resume-308081.out
540,0.1,65.4687,9.098540145985402e-06,22.642000198364258,308081,slurm_train_fusellm_resume-308081.out
550,0.1,64.7524,9.08029197080292e-06,23.011001586914062,308081,slurm_train_fusellm_resume-308081.out
560,0.1,64.3386,9.06204379562044e-06,22.731956481933594,308081,slurm_train_fusellm_resume-308081.out
570,0.1,65.8231,9.043795620437957e-06,22.03082847595215,308081,slurm_train_fusellm_resume-308081.out
580,0.1,65.2945,9.025547445255475e-06,22.766176223754883,308081,slurm_train_fusellm_resume-308081.out
590,0.11,64.7095,9.007299270072994e-06,21.3642635345459,308081,slurm_train_fusellm_resume-308081.out
600,0.11,65.5295,8.989051094890512e-06,22.903654098510742,308081,slurm_train_fusellm_resume-308081.out
610,0.11,65.0632,8.97080291970803e-06,22.64197540283203,308081,slurm_train_fusellm_resume-308081.out
620,0.11,65.4426,8.952554744525547e-06,22.81499671936035,308081,slurm_train_fusellm_resume-308081.out
630,0.11,64.928,8.934306569343067e-06,21.642301559448242,308081,slurm_train_fusellm_resume-308081.out
640,0.12,64.6353,8.916058394160584e-06,22.194507598876953,308081,slurm_train_fusellm_resume-308081.out
650,0.12,65.7854,8.897810218978102e-06,22.290103912353516,308081,slurm_train_fusellm_resume-308081.out
660,0.12,64.902,8.879562043795622e-06,22.587400436401367,308081,slurm_train_fusellm_resume-308081.out
670,0.12,65.7372,8.86131386861314e-06,23.3161563873291,308081,slurm_train_fusellm_resume-308081.out
680,0.12,65.4177,8.843065693430659e-06,24.05220603942871,308081,slurm_train_fusellm_resume-308081.out
690,0.12,65.1642,8.824817518248175e-06,21.97554588317871,308081,slurm_train_fusellm_resume-308081.out
700,0.13,64.92,8.806569343065694e-06,23.09673500061035,308081,slurm_train_fusellm_resume-308081.out
710,0.13,65.6564,8.788321167883212e-06,22.243661880493164,308081,slurm_train_fusellm_resume-308081.out
720,0.13,64.6,8.770072992700731e-06,21.6563663482666,308081,slurm_train_fusellm_resume-308081.out
730,0.13,64.8168,8.751824817518249e-06,35.65140914916992,308081,slurm_train_fusellm_resume-308081.out
740,0.13,64.8839,8.733576642335767e-06,22.081623077392578,308081,slurm_train_fusellm_resume-308081.out
750,0.14,65.7676,8.715328467153286e-06,25.260635375976562,308081,slurm_train_fusellm_resume-308081.out
760,0.14,65.1611,8.697080291970804e-06,22.226655960083008,308081,slurm_train_fusellm_resume-308081.out
770,0.14,65.4847,8.678832116788322e-06,21.62540054321289,308081,slurm_train_fusellm_resume-308081.out
780,0.14,64.7703,8.660583941605841e-06,22.634815216064453,308081,slurm_train_fusellm_resume-308081.out
790,0.14,64.7687,8.642335766423359e-06,42.230918884277344,308081,slurm_train_fusellm_resume-308081.out
800,0.14,65.5108,8.624087591240876e-06,22.787561416625977,308081,slurm_train_fusellm_resume-308081.out
810,0.15,65.1159,8.605839416058394e-06,22.763872146606445,308081,slurm_train_fusellm_resume-308081.out
820,0.15,64.9724,8.587591240875914e-06,22.958024978637695,308081,slurm_train_fusellm_resume-308081.out
830,0.15,65.2767,8.569343065693431e-06,22.187694549560547,308081,slurm_train_fusellm_resume-308081.out
840,0.15,65.4042,8.551094890510949e-06,22.407732009887695,308081,slurm_train_fusellm_resume-308081.out
850,0.15,65.8906,8.532846715328468e-06,26.79764175415039,308081,slurm_train_fusellm_resume-308081.out
860,0.16,65.5445,8.514598540145986e-06,27.10004997253418,308081,slurm_train_fusellm_resume-308081.out
870,0.16,64.6398,8.496350364963506e-06,23.64140510559082,308081,slurm_train_fusellm_resume-308081.out
880,0.16,65.246,8.478102189781022e-06,27.162044525146484,308081,slurm_train_fusellm_resume-308081.out
890,0.16,64.6458,8.459854014598541e-06,27.444995880126953,308081,slurm_train_fusellm_resume-308081.out
900,0.16,65.6991,8.441605839416059e-06,22.295175552368164,308081,slurm_train_fusellm_resume-308081.out
910,0.16,64.6985,8.423357664233576e-06,23.412364959716797,308081,slurm_train_fusellm_resume-308081.out
920,0.17,65.2855,8.405109489051096e-06,21.443256378173828,308081,slurm_train_fusellm_resume-308081.out
930,0.17,64.9915,8.386861313868614e-06,21.417072296142578,308081,slurm_train_fusellm_resume-308081.out
940,0.17,65.9754,8.368613138686133e-06,21.79865837097168,308081,slurm_train_fusellm_resume-308081.out
950,0.17,65.0886,8.35036496350365e-06,22.06629753112793,308081,slurm_train_fusellm_resume-308081.out
960,0.17,64.7339,8.332116788321168e-06,23.321258544921875,308081,slurm_train_fusellm_resume-308081.out
970,0.18,64.7562,8.313868613138688e-06,22.540748596191406,308081,slurm_train_fusellm_resume-308081.out
980,0.18,65.4412,8.295620437956205e-06,21.967069625854492,308081,slurm_train_fusellm_resume-308081.out
990,0.18,65.1075,8.277372262773723e-06,23.64174461364746,308081,slurm_train_fusellm_resume-308081.out
1000,0.18,65.4109,8.259124087591241e-06,24.12096405029297,308081,slurm_train_fusellm_resume-308081.out
1010,0.18,64.3404,8.24087591240876e-06,21.514368057250977,308081,slurm_train_fusellm_resume-308081.out
1020,0.18,65.2422,8.222627737226278e-06,21.785709381103516,308081,slurm_train_fusellm_resume-308081.out
1030,0.19,64.6706,8.204379562043796e-06,22.334043502807617,308081,slurm_train_fusellm_resume-308081.out
1040,0.19,65.2361,8.186131386861315e-06,22.450885772705078,308081,slurm_train_fusellm_resume-308081.out
1050,0.19,65.2576,8.167883211678833e-06,77.16807556152344,308081,slurm_train_fusellm_resume-308081.out
1060,0.19,64.9095,8.14963503649635e-06,21.60531997680664,308081,slurm_train_fusellm_resume-308081.out
1070,0.19,64.8613,8.131386861313868e-06,23.092500686645508,308081,slurm_train_fusellm_resume-308081.out
1080,0.2,65.4337,8.113138686131388e-06,23.151687622070312,308081,slurm_train_fusellm_resume-308081.out
1090,0.2,64.403,8.094890510948905e-06,23.820175170898438,308081,slurm_train_fusellm_resume-308081.out
1100,0.2,64.2704,8.076642335766423e-06,21.753520965576172,308081,slurm_train_fusellm_resume-308081.out
1110,0.2,64.2084,8.058394160583943e-06,21.449264526367188,308081,slurm_train_fusellm_resume-308081.out
1120,0.2,65.1227,8.04014598540146e-06,22.50408172607422,308081,slurm_train_fusellm_resume-308081.out
1130,0.2,65.1105,8.02189781021898e-06,22.419292449951172,308081,slurm_train_fusellm_resume-308081.out
1140,0.21,64.4212,8.003649635036497e-06,21.794658660888672,308081,slurm_train_fusellm_resume-308081.out
1150,0.21,65.2032,7.985401459854015e-06,32.09492492675781,308081,slurm_train_fusellm_resume-308081.out
1160,0.21,65.4363,7.967153284671535e-06,21.6936092376709,308081,slurm_train_fusellm_resume-308081.out
1170,0.21,64.9314,7.94890510948905e-06,22.82323455810547,308081,slurm_train_fusellm_resume-308081.out
1180,0.21,64.9691,7.93065693430657e-06,23.612394332885742,308081,slurm_train_fusellm_resume-308081.out
1190,0.22,64.8308,7.912408759124088e-06,23.186857223510742,308081,slurm_train_fusellm_resume-308081.out
1200,0.22,64.2029,7.894160583941607e-06,22.078916549682617,308081,slurm_train_fusellm_resume-308081.out
1210,0.22,64.364,7.875912408759125e-06,22.107873916625977,308081,slurm_train_fusellm_resume-308081.out
1220,0.22,65.4807,7.857664233576643e-06,22.55198860168457,308081,slurm_train_fusellm_resume-308081.out
1230,0.22,64.7358,7.839416058394162e-06,21.27200698852539,308081,slurm_train_fusellm_resume-308081.out
1240,0.22,64.6255,7.82116788321168e-06,24.34626579284668,308081,slurm_train_fusellm_resume-308081.out
1250,0.23,64.9221,7.802919708029197e-06,21.292184829711914,308081,slurm_train_fusellm_resume-308081.out
1260,0.23,65.2428,7.784671532846715e-06,21.573657989501953,308081,slurm_train_fusellm_resume-308081.out
1270,0.23,65.0728,7.766423357664235e-06,21.244579315185547,308081,slurm_train_fusellm_resume-308081.out
1280,0.23,65.0846,7.748175182481752e-06,22.274404525756836,308081,slurm_train_fusellm_resume-308081.out
1290,0.23,64.9538,7.72992700729927e-06,21.32489776611328,308081,slurm_train_fusellm_resume-308081.out
1300,0.24,64.6649,7.71167883211679e-06,21.50852394104004,308081,slurm_train_fusellm_resume-308081.out
1310,0.24,64.4417,7.693430656934307e-06,22.839859008789062,308081,slurm_train_fusellm_resume-308081.out
1320,0.24,63.4952,7.675182481751825e-06,21.77838897705078,308081,slurm_train_fusellm_resume-308081.out
1330,0.24,64.0874,7.656934306569344e-06,33.695274353027344,308081,slurm_train_fusellm_resume-308081.out
1340,0.24,65.4083,7.638686131386862e-06,21.91791534423828,308081,slurm_train_fusellm_resume-308081.out
1350,0.24,64.1533,7.6204379562043805e-06,22.078994750976562,308081,slurm_train_fusellm_resume-308081.out
1360,0.25,65.2099,7.602189781021898e-06,22.24381446838379,308081,slurm_train_fusellm_resume-308081.out
1370,0.25,65.1206,7.583941605839417e-06,21.970125198364258,308081,slurm_train_fusellm_resume-308081.out
1380,0.25,64.1292,7.565693430656935e-06,21.77229118347168,308081,slurm_train_fusellm_resume-308081.out
1390,0.25,64.9522,7.547445255474454e-06,22.225509643554688,308081,slurm_train_fusellm_resume-308081.out
1400,0.25,65.6881,7.529197080291971e-06,23.915918350219727,308081,slurm_train_fusellm_resume-308081.out
1410,0.26,64.1747,7.510948905109489e-06,22.725866317749023,308081,slurm_train_fusellm_resume-308081.out
1420,0.26,64.6579,7.492700729927008e-06,23.93326759338379,308081,slurm_train_fusellm_resume-308081.out
1430,0.26,64.8187,7.474452554744526e-06,22.050029754638672,308081,slurm_train_fusellm_resume-308081.out
1440,0.26,64.6211,7.456204379562044e-06,22.90521812438965,308081,slurm_train_fusellm_resume-308081.out
1450,0.26,65.0681,7.437956204379563e-06,22.841325759887695,308081,slurm_train_fusellm_resume-308081.out
1460,0.26,64.5549,7.419708029197081e-06,21.89946174621582,308081,slurm_train_fusellm_resume-308081.out
1470,0.27,65.362,7.401459854014599e-06,106.93109893798828,308081,slurm_train_fusellm_resume-308081.out
1480,0.27,65.1062,7.383211678832118e-06,22.1916446685791,308081,slurm_train_fusellm_resume-308081.out
1490,0.27,65.3057,7.364963503649636e-06,22.808671951293945,308081,slurm_train_fusellm_resume-308081.out
1500,0.27,65.1145,7.346715328467155e-06,21.245635986328125,308081,slurm_train_fusellm_resume-308081.out
1510,0.27,64.1013,7.328467153284672e-06,22.633527755737305,308081,slurm_train_fusellm_resume-308081.out
1520,0.28,64.6424,7.31021897810219e-06,24.826196670532227,308081,slurm_train_fusellm_resume-308081.out
1530,0.28,64.4953,7.291970802919709e-06,24.42925453186035,308081,slurm_train_fusellm_resume-308081.out
1540,0.28,64.768,7.2737226277372265e-06,21.346572875976562,308081,slurm_train_fusellm_resume-308081.out
1550,0.28,62.6963,7.255474452554745e-06,22.822101593017578,308081,slurm_train_fusellm_resume-308081.out
1560,0.28,63.8162,7.237226277372264e-06,21.403566360473633,308081,slurm_train_fusellm_resume-308081.out
1570,0.28,63.8594,7.218978102189782e-06,22.08867645263672,308081,slurm_train_fusellm_resume-308081.out
1580,0.29,64.0643,7.200729927007299e-06,22.256389617919922,308081,slurm_train_fusellm_resume-308081.out
1590,0.29,63.4382,7.182481751824818e-06,217.05453491210938,308081,slurm_train_fusellm_resume-308081.out
1600,0.29,64.95,7.164233576642336e-06,23.993995666503906,308081,slurm_train_fusellm_resume-308081.out
1610,0.29,64.5887,7.145985401459855e-06,21.540742874145508,308081,slurm_train_fusellm_resume-308081.out
1620,0.29,64.1719,7.1277372262773725e-06,22.51211166381836,308081,slurm_train_fusellm_resume-308081.out
1630,0.3,63.8314,7.109489051094891e-06,21.235532760620117,308081,slurm_train_fusellm_resume-308081.out
1640,0.3,63.7546,7.09124087591241e-06,23.903860092163086,308081,slurm_train_fusellm_resume-308081.out
1650,0.3,64.2326,7.072992700729927e-06,21.869312286376953,308081,slurm_train_fusellm_resume-308081.out
1660,0.3,64.5994,7.054744525547446e-06,21.158205032348633,308081,slurm_train_fusellm_resume-308081.out
1670,0.3,64.625,7.0364963503649645e-06,22.787599563598633,308081,slurm_train_fusellm_resume-308081.out
1680,0.3,63.3649,7.018248175182483e-06,31.46453285217285,308081,slurm_train_fusellm_resume-308081.out
1690,0.31,63.9156,7e-06,24.50729751586914,308081,slurm_train_fusellm_resume-308081.out
1700,0.31,64.5575,6.9817518248175185e-06,22.321073532104492,308081,slurm_train_fusellm_resume-308081.out
1710,0.31,64.6548,6.963503649635037e-06,22.753219604492188,308081,slurm_train_fusellm_resume-308081.out
1720,0.31,64.5164,6.945255474452556e-06,23.061044692993164,308081,slurm_train_fusellm_resume-308081.out
1730,0.31,65.4345,6.927007299270073e-06,24.7945499420166,308081,slurm_train_fusellm_resume-308081.out
1740,0.31,64.7635,6.908759124087592e-06,21.232608795166016,308081,slurm_train_fusellm_resume-308081.out
1750,0.32,64.227,6.8905109489051104e-06,21.045284271240234,308081,slurm_train_fusellm_resume-308081.out
1760,0.32,64.5194,6.872262773722629e-06,21.344135284423828,308081,slurm_train_fusellm_resume-308081.out
1770,0.32,64.4077,6.854014598540146e-06,21.297653198242188,308081,slurm_train_fusellm_resume-308081.out
1780,0.32,63.9369,6.8357664233576644e-06,21.91381072998047,308081,slurm_train_fusellm_resume-308081.out
1790,0.32,64.4105,6.817518248175183e-06,21.612581253051758,308081,slurm_train_fusellm_resume-308081.out
1800,0.33,64.2014,6.799270072992701e-06,22.193058013916016,308081,slurm_train_fusellm_resume-308081.out
1810,0.33,64.1541,6.781021897810219e-06,22.383209228515625,308081,slurm_train_fusellm_resume-308081.out
1820,0.33,65.3554,6.762773722627738e-06,24.517471313476562,308081,slurm_train_fusellm_resume-308081.out
1830,0.33,65.1475,6.744525547445256e-06,22.539234161376953,308081,slurm_train_fusellm_resume-308081.out
1840,0.33,64.1944,6.726277372262774e-06,21.479028701782227,308081,slurm_train_fusellm_resume-308081.out
1850,0.33,64.2695,6.708029197080293e-06,23.21242904663086,308081,slurm_train_fusellm_resume-308081.out
1860,0.34,64.2635,6.689781021897811e-06,24.89191436767578,308081,slurm_train_fusellm_resume-308081.out
1870,0.34,65.6988,6.67153284671533e-06,21.353994369506836,308081,slurm_train_fusellm_resume-308081.out
1880,0.34,63.9287,6.653284671532847e-06,21.884187698364258,308081,slurm_train_fusellm_resume-308081.out
1890,0.34,64.4463,6.635036496350365e-06,23.313804626464844,308081,slurm_train_fusellm_resume-308081.out
1900,0.34,64.29,6.616788321167884e-06,21.802072525024414,308081,slurm_train_fusellm_resume-308081.out
1910,0.35,64.3026,6.5985401459854016e-06,20.864139556884766,308081,slurm_train_fusellm_resume-308081.out
1920,0.35,64.7244,6.58029197080292e-06,21.270919799804688,308081,slurm_train_fusellm_resume-308081.out
1930,0.35,65.213,6.562043795620439e-06,21.641801834106445,308081,slurm_train_fusellm_resume-308081.out
1940,0.35,64.427,6.543795620437957e-06,22.196855545043945,308081,slurm_train_fusellm_resume-308081.out
1950,0.35,65.4261,6.525547445255475e-06,22.816089630126953,308081,slurm_train_fusellm_resume-308081.out
1960,0.35,64.7192,6.5072992700729935e-06,24.57404327392578,308081,slurm_train_fusellm_resume-308081.out
1970,0.36,65.1637,6.489051094890511e-06,22.3310489654541,308081,slurm_train_fusellm_resume-308081.out
1980,0.36,64.6024,6.47080291970803e-06,21.403512954711914,308081,slurm_train_fusellm_resume-308081.out
1990,0.36,64.9308,6.4525547445255475e-06,24.682958602905273,308081,slurm_train_fusellm_resume-308081.out
2000,0.36,64.0968,6.434306569343066e-06,22.291099548339844,308081,slurm_train_fusellm_resume-308081.out
2010,0.36,64.7991,6.416058394160585e-06,21.72368812561035,308081,slurm_train_fusellm_resume-308081.out
2020,0.37,64.2736,6.397810218978102e-06,22.417858123779297,308081,slurm_train_fusellm_resume-308081.out
2030,0.37,64.628,6.379562043795621e-06,21.926836013793945,308081,slurm_train_fusellm_resume-308081.out
2040,0.37,63.2338,6.3613138686131395e-06,21.891332626342773,308081,slurm_train_fusellm_resume-308081.out
2050,0.37,63.3094,6.343065693430658e-06,21.480098724365234,308081,slurm_train_fusellm_resume-308081.out
2060,0.37,64.9354,6.324817518248175e-06,21.28900146484375,308081,slurm_train_fusellm_resume-308081.out
2070,0.37,65.5985,6.3065693430656935e-06,29.00538444519043,308081,slurm_train_fusellm_resume-308081.out
2080,0.38,64.1213,6.288321167883212e-06,22.792015075683594,308081,slurm_train_fusellm_resume-308081.out
2090,0.38,63.6668,6.270072992700731e-06,21.537343978881836,308081,slurm_train_fusellm_resume-308081.out
2100,0.38,64.9365,6.251824817518248e-06,22.88007926940918,308081,slurm_train_fusellm_resume-308081.out
2110,0.38,64.7694,6.233576642335767e-06,21.916696548461914,308081,slurm_train_fusellm_resume-308081.out
2120,0.38,65.0069,6.2153284671532855e-06,22.54486083984375,308081,slurm_train_fusellm_resume-308081.out
2130,0.39,64.3938,6.197080291970804e-06,23.252756118774414,308081,slurm_train_fusellm_resume-308081.out
2140,0.39,64.2317,6.178832116788322e-06,24.620656967163086,308081,slurm_train_fusellm_resume-308081.out
2150,0.39,64.4459,6.16058394160584e-06,22.9657039642334,308081,slurm_train_fusellm_resume-308081.out
2160,0.39,64.378,6.142335766423359e-06,20.921030044555664,308081,slurm_train_fusellm_resume-308081.out
2170,0.39,64.4568,6.124087591240876e-06,27.27682113647461,308081,slurm_train_fusellm_resume-308081.out
2180,0.39,63.6875,6.105839416058394e-06,29.09320831298828,308081,slurm_train_fusellm_resume-308081.out
2190,0.4,65.3363,6.087591240875913e-06,21.962373733520508,308081,slurm_train_fusellm_resume-308081.out
2200,0.4,65.0865,6.0693430656934315e-06,21.9251708984375,308081,slurm_train_fusellm_resume-308081.out
2210,0.4,65.1748,6.051094890510949e-06,21.397579193115234,308081,slurm_train_fusellm_resume-308081.out
2220,0.4,64.353,6.032846715328468e-06,22.49964714050293,308081,slurm_train_fusellm_resume-308081.out
2230,0.4,64.1786,6.014598540145986e-06,20.917734146118164,308081,slurm_train_fusellm_resume-308081.out
2240,0.41,64.3119,5.996350364963505e-06,20.970577239990234,308081,slurm_train_fusellm_resume-308081.out
2250,0.41,64.0115,5.978102189781022e-06,21.278305053710938,308081,slurm_train_fusellm_resume-308081.out
2260,0.41,63.397,5.95985401459854e-06,24.387683868408203,308081,slurm_train_fusellm_resume-308081.out
2270,0.41,64.582,5.941605839416059e-06,21.296125411987305,308081,slurm_train_fusellm_resume-308081.out
2280,0.41,64.7884,5.923357664233577e-06,22.23017692565918,308081,slurm_train_fusellm_resume-308081.out
2290,0.41,63.9976,5.905109489051095e-06,21.13564109802246,308081,slurm_train_fusellm_resume-308081.out
2300,0.42,65.2,5.886861313868614e-06,20.656036376953125,308081,slurm_train_fusellm_resume-308081.out
2310,0.42,64.5356,5.868613138686132e-06,30.926315307617188,308081,slurm_train_fusellm_resume-308081.out
2320,0.42,65.2322,5.85036496350365e-06,22.136524200439453,308081,slurm_train_fusellm_resume-308081.out
2330,0.42,64.737,5.832116788321169e-06,22.916027069091797,308081,slurm_train_fusellm_resume-308081.out
2340,0.42,64.683,5.813868613138687e-06,22.305173873901367,308081,slurm_train_fusellm_resume-308081.out
2350,0.43,63.9853,5.795620437956206e-06,22.135385513305664,308081,slurm_train_fusellm_resume-308081.out
2360,0.43,64.5378,5.777372262773723e-06,20.396360397338867,308081,slurm_train_fusellm_resume-308081.out
2370,0.43,64.2111,5.759124087591241e-06,22.784893035888672,308081,slurm_train_fusellm_resume-308081.out
2380,0.43,64.3049,5.74087591240876e-06,22.858047485351562,308081,slurm_train_fusellm_resume-308081.out
2390,0.43,64.6173,5.7226277372262774e-06,20.543500900268555,308081,slurm_train_fusellm_resume-308081.out
2400,0.43,64.045,5.704379562043796e-06,21.10442543029785,308081,slurm_train_fusellm_resume-308081.out
2410,0.44,64.511,5.6861313868613146e-06,21.724735260009766,308081,slurm_train_fusellm_resume-308081.out
2420,0.44,63.6913,5.667883211678833e-06,21.82569122314453,308081,slurm_train_fusellm_resume-308081.out
2430,0.44,65.0692,5.64963503649635e-06,22.063016891479492,308081,slurm_train_fusellm_resume-308081.out
2440,0.44,64.7102,5.6313868613138686e-06,21.54584312438965,308081,slurm_train_fusellm_resume-308081.out
2450,0.44,64.214,5.613138686131387e-06,24.357135772705078,308081,slurm_train_fusellm_resume-308081.out
2460,0.45,63.6013,5.594890510948906e-06,21.445016860961914,308081,slurm_train_fusellm_resume-308081.out
2470,0.45,64.1046,5.576642335766423e-06,22.45049476623535,308081,slurm_train_fusellm_resume-308081.out
2480,0.45,63.6978,5.558394160583942e-06,22.042526245117188,308081,slurm_train_fusellm_resume-308081.out
2490,0.45,63.0684,5.5401459854014605e-06,22.636877059936523,308081,slurm_train_fusellm_resume-308081.out
2500,0.45,64.8987,5.521897810218979e-06,21.771276473999023,308081,slurm_train_fusellm_resume-308081.out
2510,0.45,65.5562,5.503649635036497e-06,21.311922073364258,308895,slurm_train_fusellm_resume-308895.out
2520,0.46,64.0837,5.485401459854015e-06,22.27719497680664,308895,slurm_train_fusellm_resume-308895.out
2530,0.46,63.4461,5.467153284671534e-06,22.04766845703125,308895,slurm_train_fusellm_resume-308895.out
2540,0.46,64.6115,5.448905109489051e-06,23.38526725769043,308895,slurm_train_fusellm_resume-308895.out
2550,0.46,64.3727,5.430656934306569e-06,20.502944946289062,308895,slurm_train_fusellm_resume-308895.out
2560,0.46,64.634,5.412408759124088e-06,23.199975967407227,308895,slurm_train_fusellm_resume-308895.out
2570,0.47,64.4296,5.3941605839416065e-06,29.748214721679688,308895,slurm_train_fusellm_resume-308895.out
2580,0.47,63.8707,5.375912408759124e-06,22.0371036529541,308895,slurm_train_fusellm_resume-308895.out
2590,0.47,64.0594,5.357664233576643e-06,25.826757431030273,308895,slurm_train_fusellm_resume-308895.out
2600,0.47,64.4101,5.339416058394161e-06,22.289230346679688,308895,slurm_train_fusellm_resume-308895.out
2610,0.47,65.1507,5.32116788321168e-06,22.421876907348633,308895,slurm_train_fusellm_resume-308895.out
2620,0.47,64.2499,5.302919708029197e-06,26.94341278076172,308895,slurm_train_fusellm_resume-308895.out
2630,0.48,64.8854,5.284671532846715e-06,21.02876091003418,308895,slurm_train_fusellm_resume-308895.out
2640,0.48,64.141,5.266423357664234e-06,22.59282684326172,308895,slurm_train_fusellm_resume-308895.out
2650,0.48,64.6584,5.248175182481752e-06,25.22122573852539,308895,slurm_train_fusellm_resume-308895.out
2660,0.48,64.4245,5.22992700729927e-06,21.11528205871582,308895,slurm_train_fusellm_resume-308895.out
2670,0.48,64.8791,5.211678832116789e-06,22.142614364624023,308895,slurm_train_fusellm_resume-308895.out
2680,0.49,64.5964,5.193430656934307e-06,88.29289245605469,308895,slurm_train_fusellm_resume-308895.out
2690,0.49,64.216,5.175182481751825e-06,22.312589645385742,308895,slurm_train_fusellm_resume-308895.out
2700,0.49,64.9042,5.156934306569344e-06,21.75152015686035,308895,slurm_train_fusellm_resume-308895.out
2710,0.49,64.1004,5.138686131386862e-06,23.576568603515625,308895,slurm_train_fusellm_resume-308895.out
2720,0.49,64.5453,5.120437956204381e-06,21.39957046508789,308895,slurm_train_fusellm_resume-308895.out
2730,0.49,64.2594,5.102189781021898e-06,21.1579647064209,308895,slurm_train_fusellm_resume-308895.out
2740,0.5,64.152,5.083941605839416e-06,20.939170837402344,308895,slurm_train_fusellm_resume-308895.out
2750,0.5,64.0269,5.065693430656935e-06,24.54109764099121,308895,slurm_train_fusellm_resume-308895.out
2760,0.5,65.5381,5.047445255474453e-06,24.103490829467773,308895,slurm_train_fusellm_resume-308895.out
2770,0.5,64.6469,5.029197080291971e-06,21.21419334411621,308895,slurm_train_fusellm_resume-308895.out
2780,0.5,64.4638,5.01094890510949e-06,22.040420532226562,308895,slurm_train_fusellm_resume-308895.out
2790,0.51,63.9503,4.992700729927007e-06,21.874475479125977,308895,slurm_train_fusellm_resume-308895.out
2800,0.51,63.5519,4.974452554744526e-06,23.093664169311523,308895,slurm_train_fusellm_resume-308895.out
2810,0.51,63.6404,4.956204379562044e-06,22.547828674316406,308895,slurm_train_fusellm_resume-308895.out
2820,0.51,64.126,4.937956204379562e-06,21.214069366455078,308895,slurm_train_fusellm_resume-308895.out
2830,0.51,63.2965,4.919708029197081e-06,22.627883911132812,308895,slurm_train_fusellm_resume-308895.out
2840,0.51,64.6044,4.901459854014599e-06,22.718721389770508,308895,slurm_train_fusellm_resume-308895.out
2850,0.52,63.9881,4.883211678832117e-06,23.30813980102539,308895,slurm_train_fusellm_resume-308895.out
2860,0.52,65.3845,4.864963503649636e-06,23.489429473876953,308895,slurm_train_fusellm_resume-308895.out
2870,0.52,63.9619,4.846715328467153e-06,22.188993453979492,308895,slurm_train_fusellm_resume-308895.out
2880,0.52,64.2857,4.828467153284672e-06,28.377920150756836,308895,slurm_train_fusellm_resume-308895.out
2890,0.52,64.6857,4.8102189781021904e-06,23.59150505065918,308895,slurm_train_fusellm_resume-308895.out
2900,0.52,64.3313,4.791970802919708e-06,21.095258712768555,308895,slurm_train_fusellm_resume-308895.out
2910,0.53,64.5897,4.773722627737227e-06,20.85394287109375,308895,slurm_train_fusellm_resume-308895.out
2920,0.53,64.0833,4.7554744525547444e-06,21.01127052307129,308895,slurm_train_fusellm_resume-308895.out
2930,0.53,64.6656,4.737226277372263e-06,21.074365615844727,308895,slurm_train_fusellm_resume-308895.out
2940,0.53,63.6725,4.7189781021897816e-06,20.95823860168457,308895,slurm_train_fusellm_resume-308895.out
2950,0.53,64.3152,4.7007299270073e-06,21.360280990600586,308895,slurm_train_fusellm_resume-308895.out
2960,0.54,63.9885,4.682481751824818e-06,21.383188247680664,308895,slurm_train_fusellm_resume-308895.out
2970,0.54,64.623,4.664233576642336e-06,21.641992568969727,308895,slurm_train_fusellm_resume-308895.out
2980,0.54,64.4196,4.645985401459854e-06,86.89932250976562,308895,slurm_train_fusellm_resume-308895.out
2990,0.54,64.443,4.627737226277373e-06,20.599084854125977,308895,slurm_train_fusellm_resume-308895.out
3000,0.54,64.1755,4.609489051094891e-06,24.9807071685791,308895,slurm_train_fusellm_resume-308895.out
3010,0.54,63.8717,4.59124087591241e-06,20.96977424621582,308895,slurm_train_fusellm_resume-308895.out
3020,0.55,64.3765,4.5729927007299275e-06,20.867712020874023,308895,slurm_train_fusellm_resume-308895.out
3030,0.55,64.1723,4.554744525547445e-06,20.94713020324707,308895,slurm_train_fusellm_resume-308895.out
3040,0.55,64.4539,4.536496350364964e-06,21.910751342773438,308895,slurm_train_fusellm_resume-308895.out
3050,0.55,64.0458,4.5182481751824815e-06,21.09531021118164,308895,slurm_train_fusellm_resume-308895.out
3060,0.55,64.4573,4.5e-06,20.87378692626953,308895,slurm_train_fusellm_resume-308895.out
3070,0.56,64.7265,4.481751824817519e-06,20.75864028930664,308895,slurm_train_fusellm_resume-308895.out
3080,0.56,63.5949,4.463503649635037e-06,20.949819564819336,308895,slurm_train_fusellm_resume-308895.out
3090,0.56,64.1339,4.445255474452555e-06,23.105924606323242,308895,slurm_train_fusellm_resume-308895.out
3100,0.56,63.953,4.4270072992700735e-06,20.91179084777832,308895,slurm_train_fusellm_resume-308895.out
3110,0.56,64.3118,4.408759124087591e-06,21.40679931640625,308895,slurm_train_fusellm_resume-308895.out
3120,0.56,64.2841,4.39051094890511e-06,23.244321823120117,308895,slurm_train_fusellm_resume-308895.out
3130,0.57,64.5065,4.372262773722628e-06,20.90473747253418,308895,slurm_train_fusellm_resume-308895.out
3140,0.57,63.4458,4.354014598540146e-06,21.387596130371094,308895,slurm_train_fusellm_resume-308895.out
3150,0.57,64.3217,4.335766423357665e-06,21.269634246826172,308895,slurm_train_fusellm_resume-308895.out
3160,0.57,64.1834,4.317518248175182e-06,20.582021713256836,308895,slurm_train_fusellm_resume-308895.out
3170,0.57,64.9996,4.299270072992701e-06,25.921789169311523,308895,slurm_train_fusellm_resume-308895.out
3180,0.58,64.072,4.2810218978102195e-06,21.121219635009766,308895,slurm_train_fusellm_resume-308895.out
3190,0.58,64.8579,4.262773722627738e-06,21.908857345581055,308895,slurm_train_fusellm_resume-308895.out
3200,0.58,63.9105,4.244525547445256e-06,21.180496215820312,308895,slurm_train_fusellm_resume-308895.out
3210,0.58,64.7723,4.226277372262774e-06,20.46459197998047,308895,slurm_train_fusellm_resume-308895.out
3220,0.58,64.372,4.208029197080292e-06,21.203163146972656,308895,slurm_train_fusellm_resume-308895.out
3230,0.58,63.3377,4.189781021897811e-06,21.00274658203125,308895,slurm_train_fusellm_resume-308895.out
3240,0.59,64.7711,4.171532846715328e-06,25.58754539489746,308895,slurm_train_fusellm_resume-308895.out
3250,0.59,64.3524,4.153284671532847e-06,20.45137596130371,308895,slurm_train_fusellm_resume-308895.out
3260,0.59,64.9306,4.1350364963503655e-06,21.73727035522461,308895,slurm_train_fusellm_resume-308895.out
3270,0.59,64.7125,4.116788321167883e-06,31.989580154418945,308895,slurm_train_fusellm_resume-308895.out
3280,0.59,63.8917,4.098540145985402e-06,22.263864517211914,308895,slurm_train_fusellm_resume-308895.out
3290,0.6,64.0876,4.0802919708029195e-06,21.139976501464844,308895,slurm_train_fusellm_resume-308895.out
3300,0.6,65.1697,4.062043795620438e-06,22.34090232849121,308895,slurm_train_fusellm_resume-308895.out
3310,0.6,64.5664,4.043795620437957e-06,24.48049545288086,308895,slurm_train_fusellm_resume-308895.out
3320,0.6,63.0442,4.025547445255475e-06,21.605361938476562,308895,slurm_train_fusellm_resume-308895.out
3330,0.6,63.7699,4.007299270072993e-06,21.1483154296875,308895,slurm_train_fusellm_resume-308895.out
3340,0.6,64.8947,3.9890510948905115e-06,21.184669494628906,308895,slurm_train_fusellm_resume-308895.out
3350,0.61,63.7731,3.970802919708029e-06,21.817792892456055,308895,slurm_train_fusellm_resume-308895.out
3360,0.61,63.9677,3.952554744525548e-06,22.021133422851562,308895,slurm_train_fusellm_resume-308895.out
3370,0.61,64.3917,3.934306569343066e-06,21.494117736816406,308895,slurm_train_fusellm_resume-308895.out
3380,0.61,64.5428,3.916058394160585e-06,20.863513946533203,308895,slurm_train_fusellm_resume-308895.out
3390,0.61,63.6591,3.897810218978103e-06,43.68341827392578,308895,slurm_train_fusellm_resume-308895.out
3400,0.62,63.1554,3.87956204379562e-06,21.45496368408203,308895,slurm_train_fusellm_resume-308895.out
3410,0.62,64.4512,3.861313868613139e-06,20.633981704711914,308895,slurm_train_fusellm_resume-308895.out
3420,0.62,63.7845,3.8430656934306574e-06,21.24845314025879,308895,slurm_train_fusellm_resume-308895.out
3430,0.62,64.7215,3.824817518248176e-06,22.306987762451172,308895,slurm_train_fusellm_resume-308895.out
3440,0.62,64.2862,3.8065693430656937e-06,23.210987091064453,308895,slurm_train_fusellm_resume-308895.out
3450,0.62,63.8647,3.7883211678832123e-06,24.61836051940918,308895,slurm_train_fusellm_resume-308895.out
3460,0.63,64.2191,3.77007299270073e-06,20.470203399658203,308895,slurm_train_fusellm_resume-308895.out
3470,0.63,63.4553,3.7518248175182486e-06,22.288864135742188,308895,slurm_train_fusellm_resume-308895.out
3480,0.63,64.4058,3.7335766423357667e-06,21.281991958618164,308895,slurm_train_fusellm_resume-308895.out
3490,0.63,64.6924,3.7153284671532853e-06,20.752483367919922,308895,slurm_train_fusellm_resume-308895.out
3500,0.63,62.9141,3.697080291970803e-06,22.59450340270996,308895,slurm_train_fusellm_resume-308895.out
3510,0.64,63.6578,3.678832116788321e-06,22.809589385986328,308895,slurm_train_fusellm_resume-308895.out
3520,0.64,63.8653,3.6605839416058397e-06,21.854629516601562,308895,slurm_train_fusellm_resume-308895.out
3530,0.64,63.8705,3.642335766423358e-06,23.50065040588379,308895,slurm_train_fusellm_resume-308895.out
3540,0.64,64.3017,3.6240875912408764e-06,21.783588409423828,308895,slurm_train_fusellm_resume-308895.out
3550,0.64,62.8816,3.605839416058394e-06,26.86037254333496,308895,slurm_train_fusellm_resume-308895.out
3560,0.64,64.0717,3.5875912408759127e-06,20.625957489013672,308895,slurm_train_fusellm_resume-308895.out
3570,0.65,64.3294,3.569343065693431e-06,20.610231399536133,308895,slurm_train_fusellm_resume-308895.out
3580,0.65,64.9082,3.5510948905109494e-06,20.66645622253418,308895,slurm_train_fusellm_resume-308895.out
3590,0.65,63.8453,3.5328467153284675e-06,20.81791114807129,308895,slurm_train_fusellm_resume-308895.out
3600,0.65,64.3209,3.5145985401459857e-06,21.972728729248047,308895,slurm_train_fusellm_resume-308895.out
3610,0.65,64.4571,3.496350364963504e-06,22.59050750732422,308895,slurm_train_fusellm_resume-308895.out
3620,0.66,63.8034,3.4781021897810224e-06,21.17124366760254,308895,slurm_train_fusellm_resume-308895.out
3630,0.66,63.8288,3.4598540145985405e-06,21.94330596923828,308895,slurm_train_fusellm_resume-308895.out
3640,0.66,63.6378,3.4416058394160583e-06,20.956809997558594,308895,slurm_train_fusellm_resume-308895.out
3650,0.66,63.9121,3.423357664233577e-06,23.126934051513672,308895,slurm_train_fusellm_resume-308895.out
3660,0.66,63.75,3.405109489051095e-06,20.53380584716797,308895,slurm_train_fusellm_resume-308895.out
3670,0.66,63.9089,3.3868613138686135e-06,21.9105281829834,308895,slurm_train_fusellm_resume-308895.out
3680,0.67,63.7894,3.3686131386861317e-06,21.0902156829834,308895,slurm_train_fusellm_resume-308895.out
3690,0.67,63.944,3.3503649635036502e-06,24.23047637939453,308895,slurm_train_fusellm_resume-308895.out
3700,0.67,63.6569,3.332116788321168e-06,21.561960220336914,308895,slurm_train_fusellm_resume-308895.out
3710,0.67,64.3588,3.3138686131386865e-06,21.22750473022461,308895,slurm_train_fusellm_resume-308895.out
3720,0.67,64.5196,3.2956204379562047e-06,20.5580997467041,308895,slurm_train_fusellm_resume-308895.out
3730,0.68,64.4121,3.2773722627737232e-06,21.97703742980957,308895,slurm_train_fusellm_resume-308895.out
3740,0.68,63.617,3.259124087591241e-06,22.175195693969727,308895,slurm_train_fusellm_resume-308895.out
3750,0.68,63.5712,3.2408759124087595e-06,23.643463134765625,308895,slurm_train_fusellm_resume-308895.out
3760,0.68,64.0576,3.2226277372262776e-06,21.422990798950195,308895,slurm_train_fusellm_resume-308895.out
3770,0.68,63.6091,3.204379562043796e-06,23.315448760986328,308895,slurm_train_fusellm_resume-308895.out
3780,0.68,64.3464,3.1861313868613144e-06,20.11699104309082,308895,slurm_train_fusellm_resume-308895.out
3790,0.69,64.2239,3.167883211678832e-06,20.758033752441406,308895,slurm_train_fusellm_resume-308895.out
3800,0.69,64.368,3.1496350364963506e-06,20.50665283203125,308895,slurm_train_fusellm_resume-308895.out
3810,0.69,64.2744,3.1313868613138688e-06,22.90008544921875,308895,slurm_train_fusellm_resume-308895.out
3820,0.69,64.5385,3.1131386861313873e-06,22.015695571899414,308895,slurm_train_fusellm_resume-308895.out
3830,0.69,64.6071,3.094890510948905e-06,21.182228088378906,308895,slurm_train_fusellm_resume-308895.out
3840,0.7,64.7491,3.0766423357664236e-06,20.953006744384766,308895,slurm_train_fusellm_resume-308895.out
3850,0.7,63.2318,3.0583941605839418e-06,21.14982795715332,308895,slurm_train_fusellm_resume-308895.out
3860,0.7,63.4548,3.0401459854014603e-06,20.665842056274414,308895,slurm_train_fusellm_resume-308895.out
3870,0.7,64.3712,3.0218978102189785e-06,20.947668075561523,308895,slurm_train_fusellm_resume-308895.out
3880,0.7,64.7162,3.003649635036497e-06,24.76645278930664,308895,slurm_train_fusellm_resume-308895.out
3890,0.7,63.7818,2.9854014598540148e-06,20.781007766723633,308895,slurm_train_fusellm_resume-308895.out
3900,0.71,63.7829,2.967153284671533e-06,20.932584762573242,308895,slurm_train_fusellm_resume-308895.out
3910,0.71,65.8689,2.9489051094890515e-06,21.342300415039062,308895,slurm_train_fusellm_resume-308895.out
3920,0.71,63.6352,2.930656934306569e-06,28.233579635620117,308895,slurm_train_fusellm_resume-308895.out
3930,0.71,63.7358,2.9124087591240877e-06,20.370214462280273,308895,slurm_train_fusellm_resume-308895.out
3940,0.71,63.3598,2.894160583941606e-06,21.103885650634766,308895,slurm_train_fusellm_resume-308895.out
3950,0.72,63.4077,2.8759124087591245e-06,20.568920135498047,308895,slurm_train_fusellm_resume-308895.out
3960,0.72,63.9899,2.8576642335766426e-06,21.045412063598633,308895,slurm_train_fusellm_resume-308895.out
3970,0.72,63.7908,2.839416058394161e-06,73.01055908203125,308895,slurm_train_fusellm_resume-308895.out
3980,0.72,63.4936,2.821167883211679e-06,23.328765869140625,308895,slurm_train_fusellm_resume-308895.out
3990,0.72,64.7864,2.8029197080291974e-06,21.864835739135742,308895,slurm_train_fusellm_resume-308895.out
4000,0.72,64.0657,2.7846715328467156e-06,21.196102142333984,308895,slurm_train_fusellm_resume-308895.out
4010,0.73,64.5253,2.7664233576642337e-06,20.28274917602539,308895,slurm_train_fusellm_resume-308895.out
4020,0.73,63.8206,2.748175182481752e-06,20.55730438232422,308895,slurm_train_fusellm_resume-308895.out
4030,0.73,63.9657,2.72992700729927e-06,21.69734001159668,308895,slurm_train_fusellm_resume-308895.out
4040,0.73,64.3771,2.7116788321167886e-06,21.3392276763916,308895,slurm_train_fusellm_resume-308895.out
4050,0.73,64.3939,2.6934306569343067e-06,20.779678344726562,308895,slurm_train_fusellm_resume-308895.out
4060,0.73,63.6748,2.6751824817518253e-06,24.184425354003906,308895,slurm_train_fusellm_resume-308895.out
4070,0.74,64.031,2.656934306569343e-06,52.02640151977539,308895,slurm_train_fusellm_resume-308895.out
4080,0.74,64.085,2.6386861313868616e-06,44.67947769165039,308895,slurm_train_fusellm_resume-308895.out
4090,0.74,63.6389,2.6204379562043797e-06,20.093734741210938,308895,slurm_train_fusellm_resume-308895.out
4100,0.74,63.5419,2.6021897810218983e-06,20.669687271118164,308895,slurm_train_fusellm_resume-308895.out
4110,0.74,63.4551,2.5839416058394164e-06,21.713205337524414,308895,slurm_train_fusellm_resume-308895.out
4120,0.75,64.1102,2.565693430656935e-06,21.66822624206543,308895,slurm_train_fusellm_resume-308895.out
4130,0.75,63.9923,2.5474452554744527e-06,20.75760269165039,308895,slurm_train_fusellm_resume-308895.out
4140,0.75,63.3177,2.529197080291971e-06,21.65332794189453,308895,slurm_train_fusellm_resume-308895.out
4150,0.75,63.8445,2.5109489051094894e-06,51.4447135925293,308895,slurm_train_fusellm_resume-308895.out
4160,0.75,63.9029,2.4927007299270075e-06,20.658203125,308895,slurm_train_fusellm_resume-308895.out
4170,0.75,64.3391,2.4744525547445257e-06,22.140905380249023,308895,slurm_train_fusellm_resume-308895.out
4180,0.76,64.2646,2.4562043795620443e-06,30.70693588256836,308895,slurm_train_fusellm_resume-308895.out
4190,0.76,64.2843,2.4379562043795624e-06,21.426931381225586,308895,slurm_train_fusellm_resume-308895.out
4200,0.76,63.9248,2.4197080291970805e-06,21.087257385253906,308895,slurm_train_fusellm_resume-308895.out
4210,0.76,63.9429,2.4014598540145987e-06,47.859619140625,308895,slurm_train_fusellm_resume-308895.out
4220,0.76,64.6893,2.383211678832117e-06,22.873554229736328,308895,slurm_train_fusellm_resume-308895.out
4230,0.77,63.8323,2.3649635036496354e-06,20.213964462280273,308895,slurm_train_fusellm_resume-308895.out
4240,0.77,63.4596,2.3467153284671535e-06,25.480375289916992,308895,slurm_train_fusellm_resume-308895.out
4250,0.77,64.0596,2.3284671532846717e-06,22.884140014648438,308895,slurm_train_fusellm_resume-308895.out
4260,0.77,64.4116,2.31021897810219e-06,21.52269172668457,308895,slurm_train_fusellm_resume-308895.out
4270,0.77,62.6063,2.2919708029197084e-06,21.556142807006836,308895,slurm_train_fusellm_resume-308895.out
4280,0.77,63.8582,2.2737226277372265e-06,24.38909339904785,308895,slurm_train_fusellm_resume-308895.out
4290,0.78,63.7131,2.2554744525547447e-06,21.458534240722656,308895,slurm_train_fusellm_resume-308895.out
4300,0.78,62.8298,2.2372262773722632e-06,41.45195770263672,308895,slurm_train_fusellm_resume-308895.out
4310,0.78,63.0489,2.2189781021897814e-06,39.84743118286133,308895,slurm_train_fusellm_resume-308895.out
4320,0.78,62.7863,2.2007299270072995e-06,25.070947647094727,308895,slurm_train_fusellm_resume-308895.out
4330,0.78,64.4548,2.1824817518248176e-06,24.706575393676758,308895,slurm_train_fusellm_resume-308895.out
4340,0.79,63.1257,2.164233576642336e-06,20.109689712524414,308895,slurm_train_fusellm_resume-308895.out
4350,0.79,63.8469,2.145985401459854e-06,22.4814453125,308895,slurm_train_fusellm_resume-308895.out
4360,0.79,63.3931,2.1277372262773725e-06,19.779911041259766,308895,slurm_train_fusellm_resume-308895.out
4370,0.79,63.7821,2.1094890510948906e-06,21.12986183166504,308895,slurm_train_fusellm_resume-308895.out
4380,0.79,63.808,2.0912408759124088e-06,21.966962814331055,308895,slurm_train_fusellm_resume-308895.out
4390,0.79,64.3974,2.0729927007299273e-06,21.610729217529297,308895,slurm_train_fusellm_resume-308895.out
4400,0.8,64.5967,2.0547445255474455e-06,20.6997013092041,308895,slurm_train_fusellm_resume-308895.out
4410,0.8,64.264,2.0364963503649636e-06,23.46329116821289,308895,slurm_train_fusellm_resume-308895.out
4420,0.8,63.1807,2.018248175182482e-06,20.641014099121094,308895,slurm_train_fusellm_resume-308895.out
4430,0.8,63.7198,2.0000000000000003e-06,21.12847328186035,308895,slurm_train_fusellm_resume-308895.out
4440,0.8,63.8412,1.9817518248175185e-06,24.094911575317383,308895,slurm_train_fusellm_resume-308895.out
4450,0.81,65.1332,1.9635036496350366e-06,30.60910415649414,308895,slurm_train_fusellm_resume-308895.out
4460,0.81,63.1381,1.9452554744525548e-06,20.62261962890625,308895,slurm_train_fusellm_resume-308895.out
4470,0.81,65.1947,1.927007299270073e-06,20.051963806152344,308895,slurm_train_fusellm_resume-308895.out
4480,0.81,64.4032,1.9087591240875915e-06,23.10614013671875,308895,slurm_train_fusellm_resume-308895.out
4490,0.81,63.6762,1.8905109489051096e-06,20.135679244995117,308895,slurm_train_fusellm_resume-308895.out
4500,0.81,63.4707,1.872262773722628e-06,21.777448654174805,308895,slurm_train_fusellm_resume-308895.out
4510,0.82,63.768,1.854014598540146e-06,20.534440994262695,309488,slurm_train_fusellm_resume-309488.out
4520,0.82,64.7377,1.8357664233576645e-06,21.301185607910156,309488,slurm_train_fusellm_resume-309488.out
4530,0.82,64.045,1.8175182481751826e-06,21.260591506958008,309488,slurm_train_fusellm_resume-309488.out
4540,0.82,63.2768,1.799270072992701e-06,21.009119033813477,309488,slurm_train_fusellm_resume-309488.out
4550,0.82,64.4811,1.7810218978102193e-06,21.454893112182617,309488,slurm_train_fusellm_resume-309488.out
4560,0.83,64.1378,1.7627737226277374e-06,20.92731285095215,309488,slurm_train_fusellm_resume-309488.out
4570,0.83,64.6379,1.7445255474452556e-06,21.709125518798828,309488,slurm_train_fusellm_resume-309488.out
4580,0.83,64.3189,1.7262773722627737e-06,20.81998062133789,309488,slurm_train_fusellm_resume-309488.out
4590,0.83,64.3793,1.708029197080292e-06,21.998884201049805,309488,slurm_train_fusellm_resume-309488.out
4600,0.83,64.6795,1.6897810218978102e-06,21.170549392700195,309488,slurm_train_fusellm_resume-309488.out
4610,0.83,64.3176,1.6715328467153286e-06,20.969030380249023,309488,slurm_train_fusellm_resume-309488.out
4620,0.84,63.0331,1.653284671532847e-06,21.737079620361328,309488,slurm_train_fusellm_resume-309488.out
4630,0.84,64.6716,1.635036496350365e-06,54.9290885925293,309488,slurm_train_fusellm_resume-309488.out
4640,0.84,64.4247,1.6167883211678834e-06,21.57735824584961,309488,slurm_train_fusellm_resume-309488.out
4650,0.84,63.3599,1.5985401459854016e-06,20.73677635192871,309488,slurm_train_fusellm_resume-309488.out
4660,0.84,62.9671,1.58029197080292e-06,21.23094940185547,309488,slurm_train_fusellm_resume-309488.out
4670,0.85,63.5218,1.5620437956204383e-06,20.461523056030273,309488,slurm_train_fusellm_resume-309488.out
4680,0.85,64.5248,1.5437956204379564e-06,21.59961700439453,309488,slurm_train_fusellm_resume-309488.out
4690,0.85,63.1295,1.5255474452554748e-06,24.988431930541992,309488,slurm_train_fusellm_resume-309488.out
4700,0.85,64.0226,1.5072992700729927e-06,30.124597549438477,309488,slurm_train_fusellm_resume-309488.out
4710,0.85,63.1059,1.489051094890511e-06,20.928722381591797,309488,slurm_train_fusellm_resume-309488.out
4720,0.85,63.8897,1.4708029197080292e-06,21.08081817626953,309488,slurm_train_fusellm_resume-309488.out
4730,0.86,63.8226,1.4525547445255475e-06,20.93644142150879,309488,slurm_train_fusellm_resume-309488.out
4740,0.86,63.5545,1.4343065693430657e-06,23.255895614624023,309488,slurm_train_fusellm_resume-309488.out
4750,0.86,64.5629,1.416058394160584e-06,22.601638793945312,309488,slurm_train_fusellm_resume-309488.out
4760,0.86,62.8299,1.3978102189781024e-06,20.20277214050293,309488,slurm_train_fusellm_resume-309488.out
4770,0.86,63.9948,1.3795620437956205e-06,21.807348251342773,309488,slurm_train_fusellm_resume-309488.out
4780,0.87,64.4399,1.3613138686131389e-06,21.482524871826172,309488,slurm_train_fusellm_resume-309488.out
4790,0.87,63.6156,1.343065693430657e-06,20.391971588134766,309488,slurm_train_fusellm_resume-309488.out
4800,0.87,63.9219,1.3248175182481754e-06,20.282543182373047,309488,slurm_train_fusellm_resume-309488.out
4810,0.87,64.1098,1.3065693430656937e-06,20.913610458374023,309488,slurm_train_fusellm_resume-309488.out
4820,0.87,63.3376,1.2883211678832117e-06,22.1547908782959,309488,slurm_train_fusellm_resume-309488.out
4830,0.87,63.8222,1.27007299270073e-06,20.219871520996094,309488,slurm_train_fusellm_resume-309488.out
4840,0.88,63.518,1.2518248175182482e-06,21.02931022644043,309488,slurm_train_fusellm_resume-309488.out
4850,0.88,64.3303,1.2335766423357665e-06,20.485271453857422,309488,slurm_train_fusellm_resume-309488.out
4860,0.88,64.4838,1.2153284671532847e-06,21.6209716796875,309488,slurm_train_fusellm_resume-309488.out
4870,0.88,64.0133,1.197080291970803e-06,21.27581214904785,309488,slurm_train_fusellm_resume-309488.out
4880,0.88,63.8471,1.1788321167883214e-06,20.323760986328125,309488,slurm_train_fusellm_resume-309488.out
4890,0.89,64.9149,1.1605839416058395e-06,22.37574005126953,309488,slurm_train_fusellm_resume-309488.out
4900,0.89,63.801,1.1423357664233579e-06,20.929609298706055,309488,slurm_train_fusellm_resume-309488.out
4910,0.89,63.6115,1.124087591240876e-06,22.520034790039062,309488,slurm_train_fusellm_resume-309488.out
4920,0.89,64.4615,1.1058394160583941e-06,19.93803596496582,309488,slurm_train_fusellm_resume-309488.out
4930,0.89,64.0449,1.0875912408759125e-06,20.472469329833984,309488,slurm_train_fusellm_resume-309488.out
4940,0.89,64.9727,1.0693430656934308e-06,22.64378547668457,309488,slurm_train_fusellm_resume-309488.out
4950,0.9,63.4787,1.051094890510949e-06,19.916601181030273,309488,slurm_train_fusellm_resume-309488.out
4960,0.9,63.8812,1.0328467153284673e-06,29.44122314453125,309488,slurm_train_fusellm_resume-309488.out
4970,0.9,64.341,1.0145985401459855e-06,22.404422760009766,309488,slurm_train_fusellm_resume-309488.out
4980,0.9,63.9481,9.963503649635036e-07,22.683378219604492,309488,slurm_train_fusellm_resume-309488.out
4990,0.9,62.7744,9.78102189781022e-07,20.958072662353516,309488,slurm_train_fusellm_resume-309488.out
5000,0.91,63.9581,9.598540145985401e-07,21.544836044311523,309488,slurm_train_fusellm_resume-309488.out
5010,0.91,63.2165,9.416058394160585e-07,20.55478286743164,309488,slurm_train_fusellm_resume-309488.out
5020,0.91,63.8258,9.233576642335767e-07,21.536766052246094,309488,slurm_train_fusellm_resume-309488.out
5030,0.91,64.1815,9.051094890510951e-07,20.41811180114746,309488,slurm_train_fusellm_resume-309488.out
5040,0.91,64.0196,8.868613138686131e-07,20.879926681518555,309488,slurm_train_fusellm_resume-309488.out
5050,0.91,63.8743,8.686131386861315e-07,20.724287033081055,309488,slurm_train_fusellm_resume-309488.out
5060,0.92,64.3101,8.503649635036497e-07,21.82611083984375,309488,slurm_train_fusellm_resume-309488.out
5070,0.92,64.955,8.32116788321168e-07,21.184232711791992,309488,slurm_train_fusellm_resume-309488.out
5080,0.92,64.5145,8.138686131386862e-07,21.629047393798828,309488,slurm_train_fusellm_resume-309488.out
5090,0.92,63.8258,7.956204379562045e-07,23.088462829589844,309488,slurm_train_fusellm_resume-309488.out
5100,0.92,63.2508,7.773722627737226e-07,22.3950138092041,309488,slurm_train_fusellm_resume-309488.out
5110,0.93,63.9962,7.59124087591241e-07,21.19251823425293,309488,slurm_train_fusellm_resume-309488.out
5120,0.93,63.3706,7.408759124087592e-07,23.259563446044922,309488,slurm_train_fusellm_resume-309488.out
5130,0.93,64.1799,7.226277372262774e-07,21.570510864257812,309488,slurm_train_fusellm_resume-309488.out
5140,0.93,63.6147,7.043795620437957e-07,20.806507110595703,309488,slurm_train_fusellm_resume-309488.out
5150,0.93,64.6576,6.861313868613139e-07,21.686466217041016,309488,slurm_train_fusellm_resume-309488.out
5160,0.93,63.7825,6.678832116788321e-07,46.99067687988281,309488,slurm_train_fusellm_resume-309488.out
5170,0.94,64.1656,6.496350364963503e-07,23.08183479309082,309488,slurm_train_fusellm_resume-309488.out
5180,0.94,63.5738,6.313868613138687e-07,24.380634307861328,309488,slurm_train_fusellm_resume-309488.out
5190,0.94,64.1123,6.131386861313869e-07,20.842674255371094,309488,slurm_train_fusellm_resume-309488.out
5200,0.94,63.5972,5.948905109489052e-07,20.93149757385254,309488,slurm_train_fusellm_resume-309488.out
5210,0.94,63.3501,5.766423357664234e-07,23.21845245361328,309488,slurm_train_fusellm_resume-309488.out
5220,0.94,63.6373,5.583941605839417e-07,20.399450302124023,309488,slurm_train_fusellm_resume-309488.out
5230,0.95,65.1025,5.401459854014599e-07,21.225664138793945,309488,slurm_train_fusellm_resume-309488.out
5240,0.95,64.1106,5.218978102189782e-07,20.851524353027344,309488,slurm_train_fusellm_resume-309488.out
5250,0.95,63.5771,5.036496350364964e-07,21.513315200805664,309488,slurm_train_fusellm_resume-309488.out
5260,0.95,64.7383,4.854014598540147e-07,21.083154678344727,309488,slurm_train_fusellm_resume-309488.out
5270,0.95,64.1495,4.6715328467153285e-07,21.436933517456055,309488,slurm_train_fusellm_resume-309488.out
5280,0.96,63.6387,4.489051094890511e-07,21.855470657348633,309488,slurm_train_fusellm_resume-309488.out
5290,0.96,63.7459,4.306569343065694e-07,20.981689453125,309488,slurm_train_fusellm_resume-309488.out
5300,0.96,63.3911,4.124087591240876e-07,21.86149024963379,309488,slurm_train_fusellm_resume-309488.out
5310,0.96,63.3242,3.9416058394160584e-07,20.893375396728516,309488,slurm_train_fusellm_resume-309488.out
5320,0.96,63.7348,3.7591240875912414e-07,20.876447677612305,309488,slurm_train_fusellm_resume-309488.out
5330,0.96,64.4965,3.5766423357664234e-07,19.894344329833984,309488,slurm_train_fusellm_resume-309488.out
5340,0.97,64.9513,3.394160583941606e-07,21.13450050354004,309488,slurm_train_fusellm_resume-309488.out
5350,0.97,64.2203,3.211678832116789e-07,21.645254135131836,309488,slurm_train_fusellm_resume-309488.out
5360,0.97,63.0797,3.029197080291971e-07,21.957765579223633,309488,slurm_train_fusellm_resume-309488.out
5370,0.97,64.0534,2.8467153284671533e-07,21.433849334716797,309488,slurm_train_fusellm_resume-309488.out
5380,0.97,64.0906,2.6642335766423363e-07,19.90085220336914,309488,slurm_train_fusellm_resume-309488.out
5390,0.98,62.771,2.481751824817518e-07,26.378231048583984,309488,slurm_train_fusellm_resume-309488.out
5400,0.98,64.2995,2.2992700729927007e-07,21.620264053344727,309488,slurm_train_fusellm_resume-309488.out
5410,0.98,65.4352,2.1167883211678835e-07,20.851638793945312,309488,slurm_train_fusellm_resume-309488.out
5420,0.98,64.0745,1.9343065693430657e-07,20.76793670654297,309488,slurm_train_fusellm_resume-309488.out
5430,0.98,63.7782,1.7518248175182484e-07,23.30716896057129,309488,slurm_train_fusellm_resume-309488.out
5440,0.98,63.5165,1.569343065693431e-07,21.83504295349121,309488,slurm_train_fusellm_resume-309488.out
5450,0.99,64.2986,1.3868613138686134e-07,22.64580535888672,309488,slurm_train_fusellm_resume-309488.out
5460,0.99,64.1443,1.2043795620437956e-07,47.5333366394043,309488,slurm_train_fusellm_resume-309488.out
5470,0.99,62.498,1.0218978102189782e-07,19.74717903137207,309488,slurm_train_fusellm_resume-309488.out
5480,0.99,64.0464,8.394160583941606e-08,20.563392639160156,309488,slurm_train_fusellm_resume-309488.out
5490,0.99,63.0915,6.569343065693431e-08,24.988027572631836,309488,slurm_train_fusellm_resume-309488.out
5500,1.0,63.9554,4.744525547445256e-08,20.939882278442383,309488,slurm_train_fusellm_resume-309488.out
5510,1.0,63.6693,2.9197080291970803e-08,19.79483413696289,309488,slurm_train_fusellm_resume-309488.out
5520,1.0,63.5638,1.0948905109489053e-08,20.395164489746094,309488,slurm_train_fusellm_resume-309488.out
